Lp.;Numer KW;Numery działek;Pola powierzchni;Pola powierzchni;Położenie nieruchomości;Rodzaj nieruchomości;Informacje o mapach;Właściciele;Podstawy ustalenia danych w kol 8;Rodzaj ograniczeń praw rzeczowych;Uwagi;Inne-Uwagi do migracji;Przyłączenie z KW;Odłączenie z KW
C:\Users\test\Downloads\HTML_Pelny
C:\Users\test\Downloads\HTML_Pelny\LD1M_00011781_2
C:\Users\test\Downloads\HTML_Pelny\LD1M_00011782_9
C:\Users\test\Downloads\HTML_Pelny\LD1M_00011783_6
C:\Users\test\Downloads\HTML_Pelny\LD1M_00011784_3
C:\Users\test\Downloads\HTML_Pelny\LD1M_00012733_8
C:\Users\test\Downloads\HTML_Pelny\LD1M_00012776_1
C:\Users\test\Downloads\HTML_Pelny\LD1M_00012777_8
C:\Users\test\Downloads\HTML_Pelny\LD1M_00012778_5
C:\Users\test\Downloads\HTML_Pelny\LD1M_00012779_2
C:\Users\test\Downloads\HTML_Pelny\LD1M_00012780_2
C:\Users\test\Downloads\HTML_Pelny\LD1M_00013949_2
C:\Users\test\Downloads\HTML_Pelny\LD1M_00013950_2
C:\Users\test\Downloads\HTML_Pelny\LD1M_00013965_0
C:\Users\test\Downloads\HTML_Pelny\LD1M_00013967_4
C:\Users\test\Downloads\HTML_Pelny\LD1M_00014755_2
C:\Users\test\Downloads\HTML_Pelny\LD1M_00015161_8
C:\Users\test\Downloads\HTML_Pelny\LD1M_00015162_5
C:\Users\test\Downloads\HTML_Pelny\LD1M_00015741_8
C:\Users\test\Downloads\HTML_Pelny\LD1M_00015846_4
C:\Users\test\Downloads\HTML_Pelny\LD1M_00015848_8
C:\Users\test\Downloads\HTML_Pelny\LD1M_00016432_6
C:\Users\test\Downloads\HTML_Pelny\LD1M_00016952_7
C:\Users\test\Downloads\HTML_Pelny\LD1M_00017050_1
C:\Users\test\Downloads\HTML_Pelny\LD1M_00017069_7
C:\Users\test\Downloads\HTML_Pelny\LD1M_00017669_3
C:\Users\test\Downloads\HTML_Pelny\LD1M_00017807_3
C:\Users\test\Downloads\HTML_Pelny\LD1M_00017808_0
C:\Users\test\Downloads\HTML_Pelny\LD1M_00018331_2
C:\Users\test\Downloads\HTML_Pelny\LD1M_00018332_9
C:\Users\test\Downloads\HTML_Pelny\LD1M_00018333_6
C:\Users\test\Downloads\HTML_Pelny\LD1M_00018695_1
C:\Users\test\Downloads\HTML_Pelny\LD1M_00018697_5
C:\Users\test\Downloads\HTML_Pelny\LD1M_00019352_2
C:\Users\test\Downloads\HTML_Pelny\LD1M_00019353_9
C:\Users\test\Downloads\HTML_Pelny\LD1M_00019354_6
C:\Users\test\Downloads\HTML_Pelny\LD1M_00019356_0
C:\Users\test\Downloads\HTML_Pelny\LD1M_00019357_7
C:\Users\test\Downloads\HTML_Pelny\LD1M_00019358_4
C:\Users\test\Downloads\HTML_Pelny\LD1M_00019359_1
C:\Users\test\Downloads\HTML_Pelny\LD1M_00019361_8
C:\Users\test\Downloads\HTML_Pelny\LD1M_00019387_6
C:\Users\test\Downloads\HTML_Pelny\LD1M_00019388_3
C:\Users\test\Downloads\HTML_Pelny\LD1M_00019389_0
C:\Users\test\Downloads\HTML_Pelny\LD1M_00019851_0
C:\Users\test\Downloads\HTML_Pelny\LD1M_00019888_8
C:\Users\test\Downloads\HTML_Pelny\LD1M_00020099_0
C:\Users\test\Downloads\HTML_Pelny\LD1M_00020334_0
C:\Users\test\Downloads\HTML_Pelny\LD1M_00020335_7
C:\Users\test\Downloads\HTML_Pelny\LD1M_00020386_9
C:\Users\test\Downloads\HTML_Pelny\LD1M_00020612_3
C:\Users\test\Downloads\HTML_Pelny\LD1M_00020617_8
C:\Users\test\Downloads\HTML_Pelny\LD1M_00020756_4
C:\Users\test\Downloads\HTML_Pelny\LD1M_00021391_4
C:\Users\test\Downloads\HTML_Pelny\LD1M_00021741_3
C:\Users\test\Downloads\HTML_Pelny\LD1M_00021742_0
C:\Users\test\Downloads\HTML_Pelny\LD1M_00021743_7
C:\Users\test\Downloads\HTML_Pelny\LD1M_00021744_4
C:\Users\test\Downloads\HTML_Pelny\LD1M_00021745_1
C:\Users\test\Downloads\HTML_Pelny\LD1M_00021746_8
C:\Users\test\Downloads\HTML_Pelny\LD1M_00021747_5
C:\Users\test\Downloads\HTML_Pelny\LD1M_00021748_2
C:\Users\test\Downloads\HTML_Pelny\LD1M_00022032_7
C:\Users\test\Downloads\HTML_Pelny\LD1M_00023468_9
C:\Users\test\Downloads\HTML_Pelny\LD1M_00024437_0
C:\Users\test\Downloads\HTML_Pelny\LD1M_00024438_7
C:\Users\test\Downloads\HTML_Pelny\LD1M_00024439_4
C:\Users\test\Downloads\HTML_Pelny\LD1M_00024440_4
C:\Users\test\Downloads\HTML_Pelny\LD1M_00024441_1
C:\Users\test\Downloads\HTML_Pelny\LD1M_00024534_0
C:\Users\test\Downloads\HTML_Pelny\LD1M_00025042_1
C:\Users\test\Downloads\HTML_Pelny\LD1M_00025539_2
C:\Users\test\Downloads\HTML_Pelny\LD1M_00026382_3
C:\Users\test\Downloads\HTML_Pelny\LD1M_00026383_0
C:\Users\test\Downloads\HTML_Pelny\LD1M_00026385_4
C:\Users\test\Downloads\HTML_Pelny\LD1M_00026392_6
C:\Users\test\Downloads\HTML_Pelny\LD1M_00027102_4
C:\Users\test\Downloads\HTML_Pelny\LD1M_00027103_1
C:\Users\test\Downloads\HTML_Pelny\LD1M_00027104_8
C:\Users\test\Downloads\HTML_Pelny\LD1M_00027651_7
C:\Users\test\Downloads\HTML_Pelny\LD1M_00027652_4
C:\Users\test\Downloads\HTML_Pelny\LD1M_00027653_1
C:\Users\test\Downloads\HTML_Pelny\LD1M_00027877_7
C:\Users\test\Downloads\HTML_Pelny\LD1M_00027969_9
C:\Users\test\Downloads\HTML_Pelny\LD1M_00028138_2
C:\Users\test\Downloads\HTML_Pelny\LD1M_00028139_9
C:\Users\test\Downloads\HTML_Pelny\LD1M_00028809_7
C:\Users\test\Downloads\HTML_Pelny\LD1M_00028810_7
C:\Users\test\Downloads\HTML_Pelny\LD1M_00028811_4
C:\Users\test\Downloads\HTML_Pelny\LD1M_00028812_1
C:\Users\test\Downloads\HTML_Pelny\LD1M_00028956_2
C:\Users\test\Downloads\HTML_Pelny\LD1M_00028957_9
C:\Users\test\Downloads\HTML_Pelny\LD1M_00028961_0
C:\Users\test\Downloads\HTML_Pelny\LD1M_00028979_9
C:\Users\test\Downloads\HTML_Pelny\LD1M_00029208_1
C:\Users\test\Downloads\HTML_Pelny\LD1M_00029209_8
C:\Users\test\Downloads\HTML_Pelny\LD1M_00029210_8
C:\Users\test\Downloads\HTML_Pelny\LD1M_00029211_5
C:\Users\test\Downloads\HTML_Pelny\LD1M_00029212_2
C:\Users\test\Downloads\HTML_Pelny\LD1M_00029213_9
C:\Users\test\Downloads\HTML_Pelny\LD1M_00029393_4
C:\Users\test\Downloads\HTML_Pelny\LD1M_00030066_3
C:\Users\test\Downloads\HTML_Pelny\LD1M_00030067_0
C:\Users\test\Downloads\HTML_Pelny\LD1M_00030385_5
C:\Users\test\Downloads\HTML_Pelny\LD1M_00030852_0
C:\Users\test\Downloads\HTML_Pelny\LD1M_00032602_7
C:\Users\test\Downloads\HTML_Pelny\LD1M_00032946_0
C:\Users\test\Downloads\HTML_Pelny\LD1M_00033368_1
C:\Users\test\Downloads\HTML_Pelny\LD1M_00033369_8
C:\Users\test\Downloads\HTML_Pelny\LD1M_00033774_0
C:\Users\test\Downloads\HTML_Pelny\LD1M_00033778_8
C:\Users\test\Downloads\HTML_Pelny\LD1M_00033977_3
C:\Users\test\Downloads\HTML_Pelny\LD1M_00034019_7
C:\Users\test\Downloads\HTML_Pelny\LD1M_00034750_3
C:\Users\test\Downloads\HTML_Pelny\LD1M_00035963_6
C:\Users\test\Downloads\HTML_Pelny\LD1M_00035963_6\LD1M_00019851_0
C:\Users\test\Downloads\HTML_Pelny\LD1M_00037309_8
C:\Users\test\Downloads\HTML_Pelny\LD1M_00037310_8
C:\Users\test\Downloads\HTML_Pelny\LD1M_00037680_2
C:\Users\test\Downloads\HTML_Pelny\LD1M_00037681_9
C:\Users\test\Downloads\HTML_Pelny\LD1M_00038237_9
C:\Users\test\Downloads\HTML_Pelny\LD1M_00038408_9
C:\Users\test\Downloads\HTML_Pelny\LD1M_00038578_1
C:\Users\test\Downloads\HTML_Pelny\LD1M_00039376_2
C:\Users\test\Downloads\HTML_Pelny\LD1M_00039464_6
C:\Users\test\Downloads\HTML_Pelny\LD1M_00040209_1
C:\Users\test\Downloads\HTML_Pelny\LD1M_00040269_9
C:\Users\test\Downloads\HTML_Pelny\LD1M_00040398_2
C:\Users\test\Downloads\HTML_Pelny\LD1M_00041043_6
C:\Users\test\Downloads\HTML_Pelny\LD1M_00041044_3
C:\Users\test\Downloads\HTML_Pelny\LD1M_00041045_0
C:\Users\test\Downloads\HTML_Pelny\LD1M_00042210_5
C:\Users\test\Downloads\HTML_Pelny\LD1M_00042277_2
C:\Users\test\Downloads\HTML_Pelny\LD1M_00043217_1
C:\Users\test\Downloads\HTML_Pelny\LD1M_00043981_7
C:\Users\test\Downloads\HTML_Pelny\LD1M_00044218_5
C:\Users\test\Downloads\HTML_Pelny\LD1M_00044451_0
C:\Users\test\Downloads\HTML_Pelny\LD1M_00044452_7
C:\Users\test\Downloads\HTML_Pelny\LD1M_00044453_4
C:\Users\test\Downloads\HTML_Pelny\LD1M_00044454_1
C:\Users\test\Downloads\HTML_Pelny\LD1M_00044455_8
C:\Users\test\Downloads\HTML_Pelny\LD1M_00045432_8
C:\Users\test\Downloads\HTML_Pelny\LD1M_00045814_0
C:\Users\test\Downloads\HTML_Pelny\LD1M_00045839_1
C:\Users\test\Downloads\HTML_Pelny\LD1M_00046331_7
C:\Users\test\Downloads\HTML_Pelny\LD1M_00047262_9
C:\Users\test\Downloads\HTML_Pelny\LD1M_00047363_7
C:\Users\test\Downloads\HTML_Pelny\LD1M_00049340_4
C:\Users\test\Downloads\HTML_Pelny\LD1M_00049624_9
C:\Users\test\Downloads\HTML_Pelny\LD1M_00049981_9
C:\Users\test\Downloads\HTML_Pelny\LD1M_00050466_3
C:\Users\test\Downloads\HTML_Pelny\LD1M_00050469_4
C:\Users\test\Downloads\HTML_Pelny\LD1M_00051001_3
C:\Users\test\Downloads\HTML_Pelny\LD1M_00051132_0
C:\Users\test\Downloads\HTML_Pelny\LD1M_00051384_1
C:\Users\test\Downloads\HTML_Pelny\LD1M_00053625_7
C:\Users\test\Downloads\HTML_Pelny\LD1M_00055022_4
C:\Users\test\Downloads\HTML_Pelny\LD1M_00055674_9
C:\Users\test\Downloads\HTML_Pelny\LD1M_00056373_6
C:\Users\test\Downloads\HTML_Pelny\LD1M_00056380_8
C:\Users\test\Downloads\HTML_Pelny\LD1M_00056503_7
C:\Users\test\Downloads\HTML_Pelny\LD1M_00056618_6
C:\Users\test\Downloads\HTML_Pelny\LD1M_00056856_6
C:\Users\test\Downloads\HTML_Pelny\LD1M_00056856_6\LD1M_00011781_2
C:\Users\test\Downloads\HTML_Pelny\LD1M_00056856_6\LD1M_00011782_9
C:\Users\test\Downloads\HTML_Pelny\LD1M_00056856_6\LD1M_00011782_9\LD1M_00011781_2
C:\Users\test\Downloads\HTML_Pelny\LD1M_00056856_6\LD1M_00011783_6
C:\Users\test\Downloads\HTML_Pelny\LD1M_00056856_6\LD1M_00011784_3
C:\Users\test\Downloads\HTML_Pelny\LD1M_00056856_6\LD1M_00012733_8
C:\Users\test\Downloads\HTML_Pelny\LD1M_00056856_6\LD1M_00012776_1
C:\Users\test\Downloads\HTML_Pelny\LD1M_00056856_6\LD1M_00012777_8
C:\Users\test\Downloads\HTML_Pelny\LD1M_00056856_6\LD1M_00012779_2
C:\Users\test\Downloads\HTML_Pelny\LD1M_00056856_6\LD1M_00012780_2
C:\Users\test\Downloads\HTML_Pelny\LD1M_00056856_6\LD1M_00013949_2
C:\Users\test\Downloads\HTML_Pelny\LD1M_00056856_6\LD1M_00013950_2
C:\Users\test\Downloads\HTML_Pelny\LD1M_00056856_6\LD1M_00013965_0
C:\Users\test\Downloads\HTML_Pelny\LD1M_00056856_6\LD1M_00013967_4
C:\Users\test\Downloads\HTML_Pelny\LD1M_00056856_6\LD1M_00014755_2
C:\Users\test\Downloads\HTML_Pelny\LD1M_00056856_6\LD1M_00015034_9
C:\Users\test\Downloads\HTML_Pelny\LD1M_00056856_6\LD1M_00015161_8
C:\Users\test\Downloads\HTML_Pelny\LD1M_00056856_6\LD1M_00015162_5
C:\Users\test\Downloads\HTML_Pelny\LD1M_00056856_6\LD1M_00015741_8
C:\Users\test\Downloads\HTML_Pelny\LD1M_00056856_6\LD1M_00015846_4
C:\Users\test\Downloads\HTML_Pelny\LD1M_00056856_6\LD1M_00015848_8
C:\Users\test\Downloads\HTML_Pelny\LD1M_00056856_6\LD1M_00016432_6
C:\Users\test\Downloads\HTML_Pelny\LD1M_00056856_6\LD1M_00016952_7
C:\Users\test\Downloads\HTML_Pelny\LD1M_00056856_6\LD1M_00017050_1
C:\Users\test\Downloads\HTML_Pelny\LD1M_00056856_6\LD1M_00017069_7
C:\Users\test\Downloads\HTML_Pelny\LD1M_00056856_6\LD1M_00017669_3
C:\Users\test\Downloads\HTML_Pelny\LD1M_00056856_6\LD1M_00017807_3
C:\Users\test\Downloads\HTML_Pelny\LD1M_00056856_6\LD1M_00017808_0
C:\Users\test\Downloads\HTML_Pelny\LD1M_00056856_6\LD1M_00018331_2
C:\Users\test\Downloads\HTML_Pelny\LD1M_00056856_6\LD1M_00018332_9
C:\Users\test\Downloads\HTML_Pelny\LD1M_00056856_6\LD1M_00018333_6
C:\Users\test\Downloads\HTML_Pelny\LD1M_00056856_6\LD1M_00018697_5
C:\Users\test\Downloads\HTML_Pelny\LD1M_00056856_6\LD1M_00019352_2
C:\Users\test\Downloads\HTML_Pelny\LD1M_00056856_6\LD1M_00019353_9
C:\Users\test\Downloads\HTML_Pelny\LD1M_00056856_6\LD1M_00019354_6
C:\Users\test\Downloads\HTML_Pelny\LD1M_00056856_6\LD1M_00019356_0
C:\Users\test\Downloads\HTML_Pelny\LD1M_00056856_6\LD1M_00019357_7
C:\Users\test\Downloads\HTML_Pelny\LD1M_00056856_6\LD1M_00019358_4
C:\Users\test\Downloads\HTML_Pelny\LD1M_00056856_6\LD1M_00019359_1
C:\Users\test\Downloads\HTML_Pelny\LD1M_00056856_6\LD1M_00019361_8
C:\Users\test\Downloads\HTML_Pelny\LD1M_00056856_6\LD1M_00019387_6
C:\Users\test\Downloads\HTML_Pelny\LD1M_00056856_6\LD1M_00019388_3
C:\Users\test\Downloads\HTML_Pelny\LD1M_00056856_6\LD1M_00019389_0
C:\Users\test\Downloads\HTML_Pelny\LD1M_00056856_6\LD1M_00019851_0
C:\Users\test\Downloads\HTML_Pelny\LD1M_00056962_2
C:\Users\test\Downloads\HTML_Pelny\LD1M_00057560_1
C:\Users\test\Downloads\HTML_Pelny\LD1M_00057561_8
C:\Users\test\Downloads\HTML_Pelny\LD1M_00057562_5
C:\Users\test\Downloads\HTML_Pelny\LD1M_00058079_9
C:\Users\test\Downloads\HTML_Pelny\LD1M_00058166_6
C:\Users\test\Downloads\HTML_Pelny\LD1M_00058727_7
C:\Users\test\Downloads\HTML_Pelny\LD1M_00058771_0
C:\Users\test\Downloads\HTML_Pelny\LD1M_00058845_0
C:\Users\test\Downloads\HTML_Pelny\LD1M_00059522_7
C:\Users\test\Downloads\HTML_Pelny\LD1M_00060025_3
C:\Users\test\Downloads\HTML_Pelny\LD1M_00060685_7
C:\Users\test\Downloads\HTML_Pelny\LD1M_00061085_8
C:\Users\test\Downloads\HTML_Pelny\LD1M_00061201_8
C:\Users\test\Downloads\HTML_Pelny\LD1M_00061260_9
C:\Users\test\Downloads\HTML_Pelny\LD1M_00061342_8
C:\Users\test\Downloads\HTML_Pelny\LD1M_00061447_4
C:\Users\test\Downloads\HTML_Pelny\LD1M_00061600_5
C:\Users\test\Downloads\HTML_Pelny\LD1M_00061603_6
C:\Users\test\Downloads\HTML_Pelny\LD1M_00061969_9
C:\Users\test\Downloads\HTML_Pelny\LD1M_00062156_4
C:\Users\test\Downloads\HTML_Pelny\LD1M_00062571_9
C:\Users\test\Downloads\HTML_Pelny\LD1M_00062582_9
C:\Users\test\Downloads\HTML_Pelny\LD1M_00062828_6
C:\Users\test\Downloads\HTML_Pelny\LD1M_00062840_6
C:\Users\test\Downloads\HTML_Pelny\LD1M_00063706_2
C:\Users\test\Downloads\HTML_Pelny\LD1M_00063715_8
C:\Users\test\Downloads\HTML_Pelny\LD1M_00064114_2
C:\Users\test\Downloads\HTML_Pelny\LD1M_00064486_0
C:\Users\test\Downloads\HTML_Pelny\LD1M_00064495_6
C:\Users\test\Downloads\HTML_Pelny\LD1M_00064561_0
C:\Users\test\Downloads\HTML_Pelny\LD1M_00064706_9
C:\Users\test\Downloads\HTML_Pelny\LD1M_00064741_6
C:\Users\test\Downloads\HTML_Pelny\LD1M_00065359_8
C:\Users\test\Downloads\HTML_Pelny\LD1M_00066171_3
C:\Users\test\Downloads\HTML_Pelny\LD1M_00066190_2
C:\Users\test\Downloads\HTML_Pelny\LD1M_00066406_0
C:\Users\test\Downloads\HTML_Pelny\LD1M_00066500_9
C:\Users\test\Downloads\HTML_Pelny\LD1M_00066786_7
C:\Users\test\Downloads\HTML_Pelny\LD1M_00066832_5
C:\Users\test\Downloads\HTML_Pelny\LD1M_00066839_4
C:\Users\test\Downloads\HTML_Pelny\LD1M_00066977_3
C:\Users\test\Downloads\HTML_Pelny\LD1M_00066978_0
C:\Users\test\Downloads\HTML_Pelny\LD1M_00067108_8
C:\Users\test\Downloads\HTML_Pelny\LD1M_00067170_3
C:\Users\test\Downloads\HTML_Pelny\LD1M_00067171_0
C:\Users\test\Downloads\HTML_Pelny\LD1M_00067173_4
C:\Users\test\Downloads\HTML_Pelny\LD1M_00067178_9
C:\Users\test\Downloads\HTML_Pelny\LD1M_00067179_6
C:\Users\test\Downloads\HTML_Pelny\LD1M_00067180_6
C:\Users\test\Downloads\HTML_Pelny\LD1M_00067181_3
C:\Users\test\Downloads\HTML_Pelny\LD1M_00067459_3
C:\Users\test\Downloads\HTML_Pelny\LD1M_00067460_3
C:\Users\test\Downloads\HTML_Pelny\LD1M_00067691_1
C:\Users\test\Downloads\HTML_Pelny\LD1M_00067734_5
C:\Users\test\Downloads\HTML_Pelny\LD1M_00067884_1
C:\Users\test\Downloads\HTML_Pelny\LD1M_00067885_8
C:\Users\test\Downloads\HTML_Pelny\LD1M_00067886_5
C:\Users\test\Downloads\HTML_Pelny\LD1M_00068421_5
C:\Users\test\Downloads\HTML_Pelny\LD1M_00068443_5
C:\Users\test\Downloads\HTML_Pelny\LD1M_00068558_4
C:\Users\test\Downloads\HTML_Pelny\LD1M_00068796_4
C:\Users\test\Downloads\HTML_Pelny\LD1M_00068835_0
C:\Users\test\Downloads\HTML_Pelny\LD1M_00068837_4
C:\Users\test\Downloads\HTML_Pelny\LD1M_00068838_1
C:\Users\test\Downloads\HTML_Pelny\LD1M_00068839_8
C:\Users\test\Downloads\HTML_Pelny\LD1M_00069284_9
C:\Users\test\Downloads\HTML_Pelny\LD1M_00069365_1
C:\Users\test\Downloads\HTML_Pelny\LD1M_00069470_0
C:\Users\test\Downloads\HTML_Pelny\LD1M_00069621_4
C:\Users\test\Downloads\HTML_Pelny\LD1M_00069631_7
C:\Users\test\Downloads\HTML_Pelny\LD1M_00069702_6
C:\Users\test\Downloads\HTML_Pelny\LD1M_00069807_2
C:\Users\test\Downloads\HTML_Pelny\LD1M_00069974_3
C:\Users\test\Downloads\HTML_Pelny\LD1M_00070156_3
C:\Users\test\Downloads\HTML_Pelny\LD1M_00070238_2
C:\Users\test\Downloads\HTML_Pelny\LD1M_00070254_0
C:\Users\test\Downloads\HTML_Pelny\LD1M_00070458_0
C:\Users\test\Downloads\HTML_Pelny\LD1M_00070834_0
C:\Users\test\Downloads\HTML_Pelny\LD1M_00071520_3
C:\Users\test\Downloads\HTML_Pelny\LD1M_00071728_1
C:\Users\test\Downloads\HTML_Pelny\LD1M_00071785_8
C:\Users\test\Downloads\HTML_Pelny\LD1M_00072851_9
C:\Users\test\Downloads\HTML_Pelny\LD1M_00073488_0
C:\Users\test\Downloads\HTML_Pelny\LD1M_00073488_0\KW
C:\Users\test\Downloads\HTML_Pelny\LD1M_00073488_0\KW\LD1M_00011781_2
C:\Users\test\Downloads\HTML_Pelny\LD1M_00073488_0\KW\LD1M_00011782_9
C:\Users\test\Downloads\HTML_Pelny\LD1M_00073488_0\KW\LD1M_00011782_9\LD1M_00011781_2
C:\Users\test\Downloads\HTML_Pelny\LD1M_00073488_0\KW\LD1M_00011783_6
C:\Users\test\Downloads\HTML_Pelny\LD1M_00073488_0\KW\LD1M_00011784_3
C:\Users\test\Downloads\HTML_Pelny\LD1M_00073488_0\KW\LD1M_00012733_8
C:\Users\test\Downloads\HTML_Pelny\LD1M_00073488_0\KW\LD1M_00012776_1
C:\Users\test\Downloads\HTML_Pelny\LD1M_00073488_0\KW\LD1M_00012777_8
C:\Users\test\Downloads\HTML_Pelny\LD1M_00073488_0\KW\LD1M_00012779_2
C:\Users\test\Downloads\HTML_Pelny\LD1M_00073488_0\KW\LD1M_00012780_2
C:\Users\test\Downloads\HTML_Pelny\LD1M_00073488_0\KW\LD1M_00013949_2
C:\Users\test\Downloads\HTML_Pelny\LD1M_00073488_0\KW\LD1M_00013950_2
C:\Users\test\Downloads\HTML_Pelny\LD1M_00073488_0\KW\LD1M_00013965_0
C:\Users\test\Downloads\HTML_Pelny\LD1M_00073488_0\KW\LD1M_00013967_4
C:\Users\test\Downloads\HTML_Pelny\LD1M_00073488_0\KW\LD1M_00014755_2
C:\Users\test\Downloads\HTML_Pelny\LD1M_00073488_0\KW\LD1M_00015034_9
C:\Users\test\Downloads\HTML_Pelny\LD1M_00073488_0\KW\LD1M_00015161_8
C:\Users\test\Downloads\HTML_Pelny\LD1M_00073488_0\KW\LD1M_00015162_5
C:\Users\test\Downloads\HTML_Pelny\LD1M_00073488_0\KW\LD1M_00015741_8
C:\Users\test\Downloads\HTML_Pelny\LD1M_00073488_0\KW\LD1M_00015846_4
C:\Users\test\Downloads\HTML_Pelny\LD1M_00073488_0\KW\LD1M_00015848_8
C:\Users\test\Downloads\HTML_Pelny\LD1M_00073488_0\KW\LD1M_00016432_6
C:\Users\test\Downloads\HTML_Pelny\LD1M_00073488_0\KW\LD1M_00016952_7
C:\Users\test\Downloads\HTML_Pelny\LD1M_00073488_0\KW\LD1M_00017050_1
C:\Users\test\Downloads\HTML_Pelny\LD1M_00073488_0\KW\LD1M_00017069_7
C:\Users\test\Downloads\HTML_Pelny\LD1M_00073488_0\KW\LD1M_00017669_3
C:\Users\test\Downloads\HTML_Pelny\LD1M_00073488_0\KW\LD1M_00017807_3
C:\Users\test\Downloads\HTML_Pelny\LD1M_00073488_0\KW\LD1M_00017808_0
C:\Users\test\Downloads\HTML_Pelny\LD1M_00073488_0\KW\LD1M_00018331_2
C:\Users\test\Downloads\HTML_Pelny\LD1M_00073488_0\KW\LD1M_00018332_9
C:\Users\test\Downloads\HTML_Pelny\LD1M_00073488_0\KW\LD1M_00018333_6
C:\Users\test\Downloads\HTML_Pelny\LD1M_00073488_0\KW\LD1M_00018697_5
C:\Users\test\Downloads\HTML_Pelny\LD1M_00073488_0\KW\LD1M_00019352_2
C:\Users\test\Downloads\HTML_Pelny\LD1M_00073488_0\KW\LD1M_00019353_9
C:\Users\test\Downloads\HTML_Pelny\LD1M_00073488_0\KW\LD1M_00019354_6
C:\Users\test\Downloads\HTML_Pelny\LD1M_00073488_0\KW\LD1M_00019356_0
C:\Users\test\Downloads\HTML_Pelny\LD1M_00073488_0\KW\LD1M_00019357_7
C:\Users\test\Downloads\HTML_Pelny\LD1M_00073488_0\KW\LD1M_00019358_4
C:\Users\test\Downloads\HTML_Pelny\LD1M_00073488_0\KW\LD1M_00019359_1
C:\Users\test\Downloads\HTML_Pelny\LD1M_00073488_0\KW\LD1M_00019361_8
C:\Users\test\Downloads\HTML_Pelny\LD1M_00073488_0\KW\LD1M_00019387_6
C:\Users\test\Downloads\HTML_Pelny\LD1M_00073488_0\KW\LD1M_00019388_3
C:\Users\test\Downloads\HTML_Pelny\LD1M_00073488_0\KW\LD1M_00019389_0
C:\Users\test\Downloads\HTML_Pelny\LD1M_00073488_0\KW\LD1M_00019851_0
C:\Users\test\Downloads\HTML_Pelny\LD1M_00073488_0\KW\LD1M_00019888_8
C:\Users\test\Downloads\HTML_Pelny\LD1M_00073488_0\KW\LD1M_00020099_0
C:\Users\test\Downloads\HTML_Pelny\LD1M_00073488_0\KW\LD1M_00020334_0
C:\Users\test\Downloads\HTML_Pelny\LD1M_00073488_0\KW\LD1M_00020335_7
C:\Users\test\Downloads\HTML_Pelny\LD1M_00073488_0\KW\LD1M_00020386_9
C:\Users\test\Downloads\HTML_Pelny\LD1M_00073488_0\KW\LD1M_00020612_3
C:\Users\test\Downloads\HTML_Pelny\LD1M_00073488_0\KW\LD1M_00020617_8
C:\Users\test\Downloads\HTML_Pelny\LD1M_00073488_0\KW\LD1M_00020756_4
C:\Users\test\Downloads\HTML_Pelny\LD1M_00073488_0\KW\LD1M_00021391_4
C:\Users\test\Downloads\HTML_Pelny\LD1M_00073488_0\KW\LD1M_00021741_3
C:\Users\test\Downloads\HTML_Pelny\LD1M_00073488_0\KW\LD1M_00021742_0
C:\Users\test\Downloads\HTML_Pelny\LD1M_00073488_0\KW\LD1M_00021743_7
C:\Users\test\Downloads\HTML_Pelny\LD1M_00073488_0\KW\LD1M_00021744_4
C:\Users\test\Downloads\HTML_Pelny\LD1M_00073488_0\KW\LD1M_00021745_1
C:\Users\test\Downloads\HTML_Pelny\LD1M_00073488_0\KW\LD1M_00021746_8
C:\Users\test\Downloads\HTML_Pelny\LD1M_00073488_0\KW\LD1M_00021747_5
C:\Users\test\Downloads\HTML_Pelny\LD1M_00073488_0\KW\LD1M_00021748_2
C:\Users\test\Downloads\HTML_Pelny\LD1M_00073488_0\KW\LD1M_00022032_7
C:\Users\test\Downloads\HTML_Pelny\LD1M_00073488_0\KW\LD1M_00023468_9
C:\Users\test\Downloads\HTML_Pelny\LD1M_00073488_0\KW\LD1M_00024437_0
C:\Users\test\Downloads\HTML_Pelny\LD1M_00073488_0\KW\LD1M_00024438_7
C:\Users\test\Downloads\HTML_Pelny\LD1M_00073488_0\KW\LD1M_00024439_4
C:\Users\test\Downloads\HTML_Pelny\LD1M_00073488_0\KW\LD1M_00024440_4
C:\Users\test\Downloads\HTML_Pelny\LD1M_00073488_0\KW\LD1M_00024441_1
C:\Users\test\Downloads\HTML_Pelny\LD1M_00073488_0\KW\LD1M_00024534_0
C:\Users\test\Downloads\HTML_Pelny\LD1M_00073488_0\KW\LD1M_00025042_1
C:\Users\test\Downloads\HTML_Pelny\LD1M_00073488_0\KW\LD1M_00025539_2
C:\Users\test\Downloads\HTML_Pelny\LD1M_00073488_0\KW\LD1M_00026382_3
C:\Users\test\Downloads\HTML_Pelny\LD1M_00073488_0\KW\LD1M_00026383_0
C:\Users\test\Downloads\HTML_Pelny\LD1M_00073488_0\KW\LD1M_00026385_4
C:\Users\test\Downloads\HTML_Pelny\LD1M_00073488_0\KW\LD1M_00026392_6
C:\Users\test\Downloads\HTML_Pelny\LD1M_00073488_0\KW\LD1M_00027102_4
C:\Users\test\Downloads\HTML_Pelny\LD1M_00073488_0\KW\LD1M_00027103_1
C:\Users\test\Downloads\HTML_Pelny\LD1M_00073488_0\KW\LD1M_00027104_8
C:\Users\test\Downloads\HTML_Pelny\LD1M_00073488_0\KW\LD1M_00027651_7
C:\Users\test\Downloads\HTML_Pelny\LD1M_00073488_0\KW\LD1M_00027652_4
C:\Users\test\Downloads\HTML_Pelny\LD1M_00073488_0\KW\LD1M_00027653_1
C:\Users\test\Downloads\HTML_Pelny\LD1M_00073488_0\KW\LD1M_00027877_7
C:\Users\test\Downloads\HTML_Pelny\LD1M_00073488_0\KW\LD1M_00027969_9
C:\Users\test\Downloads\HTML_Pelny\LD1M_00073488_0\KW\LD1M_00028138_2
C:\Users\test\Downloads\HTML_Pelny\LD1M_00073488_0\KW\LD1M_00028139_9
C:\Users\test\Downloads\HTML_Pelny\LD1M_00073488_0\KW\LD1M_00028809_7
C:\Users\test\Downloads\HTML_Pelny\LD1M_00073488_0\KW\LD1M_00028810_7
C:\Users\test\Downloads\HTML_Pelny\LD1M_00073488_0\KW\LD1M_00028811_4
C:\Users\test\Downloads\HTML_Pelny\LD1M_00073488_0\KW\LD1M_00028812_1
C:\Users\test\Downloads\HTML_Pelny\LD1M_00073488_0\KW\LD1M_00028956_2
C:\Users\test\Downloads\HTML_Pelny\LD1M_00073488_0\KW\LD1M_00028957_9
C:\Users\test\Downloads\HTML_Pelny\LD1M_00073488_0\KW\LD1M_00028961_0
C:\Users\test\Downloads\HTML_Pelny\LD1M_00073488_0\KW\LD1M_00028979_9
C:\Users\test\Downloads\HTML_Pelny\LD1M_00073488_0\KW\LD1M_00029208_1
C:\Users\test\Downloads\HTML_Pelny\LD1M_00073488_0\KW\LD1M_00029209_8
C:\Users\test\Downloads\HTML_Pelny\LD1M_00073488_0\KW\LD1M_00029210_8
C:\Users\test\Downloads\HTML_Pelny\LD1M_00073488_0\KW\LD1M_00029211_5
C:\Users\test\Downloads\HTML_Pelny\LD1M_00073488_0\KW\LD1M_00029212_2
C:\Users\test\Downloads\HTML_Pelny\LD1M_00073488_0\KW\LD1M_00029213_9
C:\Users\test\Downloads\HTML_Pelny\LD1M_00073488_0\KW\LD1M_00029393_4
C:\Users\test\Downloads\HTML_Pelny\LD1M_00073488_0\KW\LD1M_00030066_3
C:\Users\test\Downloads\HTML_Pelny\LD1M_00073488_0\KW\LD1M_00030067_0
C:\Users\test\Downloads\HTML_Pelny\LD1M_00073488_0\KW\LD1M_00030385_5
C:\Users\test\Downloads\HTML_Pelny\LD1M_00073488_0\KW\LD1M_00030852_0
C:\Users\test\Downloads\HTML_Pelny\LD1M_00073488_0\KW\LD1M_00032602_7
C:\Users\test\Downloads\HTML_Pelny\LD1M_00073488_0\KW\LD1M_00032946_0
C:\Users\test\Downloads\HTML_Pelny\LD1M_00073488_0\KW\LD1M_00033368_1
C:\Users\test\Downloads\HTML_Pelny\LD1M_00073488_0\KW\LD1M_00033369_8
C:\Users\test\Downloads\HTML_Pelny\LD1M_00073488_0\KW\LD1M_00033774_0
C:\Users\test\Downloads\HTML_Pelny\LD1M_00073488_0\KW\LD1M_00033778_8
C:\Users\test\Downloads\HTML_Pelny\LD1M_00073488_0\KW\LD1M_00033977_3
C:\Users\test\Downloads\HTML_Pelny\LD1M_00073488_0\KW\LD1M_00034019_7
C:\Users\test\Downloads\HTML_Pelny\LD1M_00073488_0\KW\LD1M_00034750_3
C:\Users\test\Downloads\HTML_Pelny\LD1M_00073488_0\KW\LD1M_00035963_6
C:\Users\test\Downloads\HTML_Pelny\LD1M_00073488_0\KW\LD1M_00035963_6\LD1M_00019851_0
C:\Users\test\Downloads\HTML_Pelny\LD1M_00073488_0\KW\LD1M_00037309_8
C:\Users\test\Downloads\HTML_Pelny\LD1M_00073488_0\KW\LD1M_00037310_8
C:\Users\test\Downloads\HTML_Pelny\LD1M_00073488_0\KW\LD1M_00037680_2
C:\Users\test\Downloads\HTML_Pelny\LD1M_00073488_0\KW\LD1M_00037681_9
C:\Users\test\Downloads\HTML_Pelny\LD1M_00073488_0\KW\LD1M_00038237_9
C:\Users\test\Downloads\HTML_Pelny\LD1M_00073488_0\KW\LD1M_00038408_9
C:\Users\test\Downloads\HTML_Pelny\LD1M_00073488_0\KW\LD1M_00038578_1
C:\Users\test\Downloads\HTML_Pelny\LD1M_00073488_0\KW\LD1M_00039376_2
C:\Users\test\Downloads\HTML_Pelny\LD1M_00073488_0\KW\LD1M_00039464_6
C:\Users\test\Downloads\HTML_Pelny\LD1M_00073488_0\KW\LD1M_00040209_1
C:\Users\test\Downloads\HTML_Pelny\LD1M_00073488_0\KW\LD1M_00040269_9
C:\Users\test\Downloads\HTML_Pelny\LD1M_00073488_0\KW\LD1M_00040398_2
C:\Users\test\Downloads\HTML_Pelny\LD1M_00073488_0\KW\LD1M_00041043_6
C:\Users\test\Downloads\HTML_Pelny\LD1M_00073488_0\KW\LD1M_00041044_3
C:\Users\test\Downloads\HTML_Pelny\LD1M_00073488_0\KW\LD1M_00041045_0
C:\Users\test\Downloads\HTML_Pelny\LD1M_00073488_0\KW\LD1M_00042210_5
C:\Users\test\Downloads\HTML_Pelny\LD1M_00073488_0\KW\LD1M_00043217_1
C:\Users\test\Downloads\HTML_Pelny\LD1M_00073488_0\KW\LD1M_00043981_7
C:\Users\test\Downloads\HTML_Pelny\LD1M_00073488_0\KW\LD1M_00044218_5
C:\Users\test\Downloads\HTML_Pelny\LD1M_00073488_0\KW\LD1M_00044451_0
C:\Users\test\Downloads\HTML_Pelny\LD1M_00073488_0\KW\LD1M_00044452_7
C:\Users\test\Downloads\HTML_Pelny\LD1M_00073488_0\KW\LD1M_00044453_4
C:\Users\test\Downloads\HTML_Pelny\LD1M_00073488_0\KW\LD1M_00044454_1
C:\Users\test\Downloads\HTML_Pelny\LD1M_00073488_0\KW\LD1M_00044455_8
C:\Users\test\Downloads\HTML_Pelny\LD1M_00073488_0\KW\LD1M_00045432_8
C:\Users\test\Downloads\HTML_Pelny\LD1M_00073488_0\KW\LD1M_00045814_0
C:\Users\test\Downloads\HTML_Pelny\LD1M_00073488_0\KW\LD1M_00045839_1
C:\Users\test\Downloads\HTML_Pelny\LD1M_00073488_0\KW\LD1M_00046331_7
C:\Users\test\Downloads\HTML_Pelny\LD1M_00073488_0\KW\LD1M_00047262_9
C:\Users\test\Downloads\HTML_Pelny\LD1M_00073488_0\KW\LD1M_00047363_7
C:\Users\test\Downloads\HTML_Pelny\LD1M_00073488_0\KW\LD1M_00049981_9
C:\Users\test\Downloads\HTML_Pelny\LD1M_00073488_0\KW\LD1M_00051001_3
C:\Users\test\Downloads\HTML_Pelny\LD1M_00073488_0\KW\LD1M_00051132_0
C:\Users\test\Downloads\HTML_Pelny\LD1M_00073488_0\KW\LD1M_00051384_1
C:\Users\test\Downloads\HTML_Pelny\LD1M_00073488_0\KW\LD1M_00053625_7
C:\Users\test\Downloads\HTML_Pelny\LD1M_00073488_0\KW\LD1M_00055022_4
C:\Users\test\Downloads\HTML_Pelny\LD1M_00073488_0\KW\LD1M_00055674_9
C:\Users\test\Downloads\HTML_Pelny\LD1M_00073488_0\KW\LD1M_00056373_6
C:\Users\test\Downloads\HTML_Pelny\LD1M_00073488_0\KW\LD1M_00056380_8
C:\Users\test\Downloads\HTML_Pelny\LD1M_00073488_0\KW\LD1M_00056503_7
C:\Users\test\Downloads\HTML_Pelny\LD1M_00073488_0\KW\LD1M_00056618_6
C:\Users\test\Downloads\HTML_Pelny\LD1M_00073488_0\KW\LD1M_00056856_6
C:\Users\test\Downloads\HTML_Pelny\LD1M_00073488_0\KW\LD1M_00056856_6\LD1M_00011781_2
C:\Users\test\Downloads\HTML_Pelny\LD1M_00073488_0\KW\LD1M_00056856_6\LD1M_00011782_9
C:\Users\test\Downloads\HTML_Pelny\LD1M_00073488_0\KW\LD1M_00056856_6\LD1M_00011782_9\LD1M_00011781_2
C:\Users\test\Downloads\HTML_Pelny\LD1M_00073488_0\KW\LD1M_00056856_6\LD1M_00011783_6
C:\Users\test\Downloads\HTML_Pelny\LD1M_00073488_0\KW\LD1M_00056856_6\LD1M_00011784_3
C:\Users\test\Downloads\HTML_Pelny\LD1M_00073488_0\KW\LD1M_00056856_6\LD1M_00012733_8
C:\Users\test\Downloads\HTML_Pelny\LD1M_00073488_0\KW\LD1M_00056856_6\LD1M_00012776_1
C:\Users\test\Downloads\HTML_Pelny\LD1M_00073488_0\KW\LD1M_00056856_6\LD1M_00012777_8
C:\Users\test\Downloads\HTML_Pelny\LD1M_00073488_0\KW\LD1M_00056856_6\LD1M_00012779_2
C:\Users\test\Downloads\HTML_Pelny\LD1M_00073488_0\KW\LD1M_00056856_6\LD1M_00012780_2
C:\Users\test\Downloads\HTML_Pelny\LD1M_00073488_0\KW\LD1M_00056856_6\LD1M_00013949_2
C:\Users\test\Downloads\HTML_Pelny\LD1M_00073488_0\KW\LD1M_00056856_6\LD1M_00013950_2
C:\Users\test\Downloads\HTML_Pelny\LD1M_00073488_0\KW\LD1M_00056856_6\LD1M_00013965_0
C:\Users\test\Downloads\HTML_Pelny\LD1M_00073488_0\KW\LD1M_00056856_6\LD1M_00013967_4
C:\Users\test\Downloads\HTML_Pelny\LD1M_00073488_0\KW\LD1M_00056856_6\LD1M_00014755_2
C:\Users\test\Downloads\HTML_Pelny\LD1M_00073488_0\KW\LD1M_00056856_6\LD1M_00015034_9
C:\Users\test\Downloads\HTML_Pelny\LD1M_00073488_0\KW\LD1M_00056856_6\LD1M_00015161_8
C:\Users\test\Downloads\HTML_Pelny\LD1M_00073488_0\KW\LD1M_00056856_6\LD1M_00015162_5
C:\Users\test\Downloads\HTML_Pelny\LD1M_00073488_0\KW\LD1M_00056856_6\LD1M_00015741_8
C:\Users\test\Downloads\HTML_Pelny\LD1M_00073488_0\KW\LD1M_00056856_6\LD1M_00015846_4
C:\Users\test\Downloads\HTML_Pelny\LD1M_00073488_0\KW\LD1M_00056856_6\LD1M_00015848_8
C:\Users\test\Downloads\HTML_Pelny\LD1M_00073488_0\KW\LD1M_00056856_6\LD1M_00016432_6
C:\Users\test\Downloads\HTML_Pelny\LD1M_00073488_0\KW\LD1M_00056856_6\LD1M_00016952_7
C:\Users\test\Downloads\HTML_Pelny\LD1M_00073488_0\KW\LD1M_00056856_6\LD1M_00017050_1
C:\Users\test\Downloads\HTML_Pelny\LD1M_00073488_0\KW\LD1M_00056856_6\LD1M_00017069_7
C:\Users\test\Downloads\HTML_Pelny\LD1M_00073488_0\KW\LD1M_00056856_6\LD1M_00017669_3
C:\Users\test\Downloads\HTML_Pelny\LD1M_00073488_0\KW\LD1M_00056856_6\LD1M_00017807_3
C:\Users\test\Downloads\HTML_Pelny\LD1M_00073488_0\KW\LD1M_00056856_6\LD1M_00017808_0
C:\Users\test\Downloads\HTML_Pelny\LD1M_00073488_0\KW\LD1M_00056856_6\LD1M_00018331_2
C:\Users\test\Downloads\HTML_Pelny\LD1M_00073488_0\KW\LD1M_00056856_6\LD1M_00018332_9
C:\Users\test\Downloads\HTML_Pelny\LD1M_00073488_0\KW\LD1M_00056856_6\LD1M_00018333_6
C:\Users\test\Downloads\HTML_Pelny\LD1M_00073488_0\KW\LD1M_00056856_6\LD1M_00018697_5
C:\Users\test\Downloads\HTML_Pelny\LD1M_00073488_0\KW\LD1M_00056856_6\LD1M_00019352_2
C:\Users\test\Downloads\HTML_Pelny\LD1M_00073488_0\KW\LD1M_00056856_6\LD1M_00019353_9
C:\Users\test\Downloads\HTML_Pelny\LD1M_00073488_0\KW\LD1M_00056856_6\LD1M_00019354_6
C:\Users\test\Downloads\HTML_Pelny\LD1M_00073488_0\KW\LD1M_00056856_6\LD1M_00019356_0
C:\Users\test\Downloads\HTML_Pelny\LD1M_00073488_0\KW\LD1M_00056856_6\LD1M_00019357_7
C:\Users\test\Downloads\HTML_Pelny\LD1M_00073488_0\KW\LD1M_00056856_6\LD1M_00019358_4
C:\Users\test\Downloads\HTML_Pelny\LD1M_00073488_0\KW\LD1M_00056856_6\LD1M_00019359_1
C:\Users\test\Downloads\HTML_Pelny\LD1M_00073488_0\KW\LD1M_00056856_6\LD1M_00019361_8
C:\Users\test\Downloads\HTML_Pelny\LD1M_00073488_0\KW\LD1M_00056856_6\LD1M_00019387_6
C:\Users\test\Downloads\HTML_Pelny\LD1M_00073488_0\KW\LD1M_00056856_6\LD1M_00019388_3
C:\Users\test\Downloads\HTML_Pelny\LD1M_00073488_0\KW\LD1M_00056856_6\LD1M_00019389_0
C:\Users\test\Downloads\HTML_Pelny\LD1M_00073488_0\KW\LD1M_00056856_6\LD1M_00019851_0
C:\Users\test\Downloads\HTML_Pelny\LD1M_00073488_0\KW\LD1M_00056962_2
C:\Users\test\Downloads\HTML_Pelny\LD1M_00073488_0\KW\LD1M_00057560_1
C:\Users\test\Downloads\HTML_Pelny\LD1M_00073488_0\KW\LD1M_00057561_8
C:\Users\test\Downloads\HTML_Pelny\LD1M_00073488_0\KW\LD1M_00057562_5
C:\Users\test\Downloads\HTML_Pelny\LD1M_00073488_0\KW\LD1M_00058079_9
C:\Users\test\Downloads\HTML_Pelny\LD1M_00073488_0\KW\LD1M_00058166_6
C:\Users\test\Downloads\HTML_Pelny\LD1M_00073488_0\KW\LD1M_00058727_7
C:\Users\test\Downloads\HTML_Pelny\LD1M_00073488_0\KW\LD1M_00058771_0
C:\Users\test\Downloads\HTML_Pelny\LD1M_00073488_0\KW\LD1M_00058845_0
C:\Users\test\Downloads\HTML_Pelny\LD1M_00073488_0\KW\LD1M_00059522_7
C:\Users\test\Downloads\HTML_Pelny\LD1M_00073488_0\KW\LD1M_00060025_3
C:\Users\test\Downloads\HTML_Pelny\LD1M_00073488_0\KW\LD1M_00060685_7
C:\Users\test\Downloads\HTML_Pelny\LD1M_00073488_0\KW\LD1M_00061085_8
C:\Users\test\Downloads\HTML_Pelny\LD1M_00073488_0\KW\LD1M_00061201_8
C:\Users\test\Downloads\HTML_Pelny\LD1M_00073488_0\KW\LD1M_00061260_9
C:\Users\test\Downloads\HTML_Pelny\LD1M_00073488_0\KW\LD1M_00061342_8
C:\Users\test\Downloads\HTML_Pelny\LD1M_00073488_0\KW\LD1M_00061447_4
C:\Users\test\Downloads\HTML_Pelny\LD1M_00073488_0\KW\LD1M_00061600_5
C:\Users\test\Downloads\HTML_Pelny\LD1M_00073488_0\KW\LD1M_00061603_6
C:\Users\test\Downloads\HTML_Pelny\LD1M_00073488_0\KW\LD1M_00061969_9
C:\Users\test\Downloads\HTML_Pelny\LD1M_00073488_0\KW\LD1M_00062156_4
C:\Users\test\Downloads\HTML_Pelny\LD1M_00073488_0\KW\LD1M_00062571_9
C:\Users\test\Downloads\HTML_Pelny\LD1M_00073488_0\KW\LD1M_00062582_9
C:\Users\test\Downloads\HTML_Pelny\LD1M_00073488_0\KW\LD1M_00062828_6
C:\Users\test\Downloads\HTML_Pelny\LD1M_00073488_0\KW\LD1M_00062840_6
C:\Users\test\Downloads\HTML_Pelny\LD1M_00073488_0\KW\LD1M_00063706_2
C:\Users\test\Downloads\HTML_Pelny\LD1M_00073488_0\KW\LD1M_00063715_8
C:\Users\test\Downloads\HTML_Pelny\LD1M_00073488_0\KW\LD1M_00064114_2
C:\Users\test\Downloads\HTML_Pelny\LD1M_00073488_0\KW\LD1M_00064486_0
C:\Users\test\Downloads\HTML_Pelny\LD1M_00073488_0\KW\LD1M_00064495_6
C:\Users\test\Downloads\HTML_Pelny\LD1M_00073488_0\KW\LD1M_00064561_0
C:\Users\test\Downloads\HTML_Pelny\LD1M_00073488_0\KW\LD1M_00064706_9
C:\Users\test\Downloads\HTML_Pelny\LD1M_00073488_0\KW\LD1M_00064741_6
C:\Users\test\Downloads\HTML_Pelny\LD1M_00073488_0\KW\LD1M_00065359_8
C:\Users\test\Downloads\HTML_Pelny\LD1M_00073488_0\KW\LD1M_00066171_3
C:\Users\test\Downloads\HTML_Pelny\LD1M_00073488_0\KW\LD1M_00066190_2
C:\Users\test\Downloads\HTML_Pelny\LD1M_00073488_0\KW\LD1M_00066406_0
C:\Users\test\Downloads\HTML_Pelny\LD1M_00073488_0\KW\LD1M_00066500_9
C:\Users\test\Downloads\HTML_Pelny\LD1M_00073488_0\KW\LD1M_00066786_7
C:\Users\test\Downloads\HTML_Pelny\LD1M_00073488_0\KW\LD1M_00066832_5
C:\Users\test\Downloads\HTML_Pelny\LD1M_00073488_0\KW\LD1M_00066839_4
C:\Users\test\Downloads\HTML_Pelny\LD1M_00073488_0\KW\LD1M_00066977_3
C:\Users\test\Downloads\HTML_Pelny\LD1M_00073488_0\KW\LD1M_00066978_0
C:\Users\test\Downloads\HTML_Pelny\LD1M_00073488_0\KW\LD1M_00067108_8
C:\Users\test\Downloads\HTML_Pelny\LD1M_00073488_0\KW\LD1M_00067170_3
C:\Users\test\Downloads\HTML_Pelny\LD1M_00073488_0\KW\LD1M_00067171_0
C:\Users\test\Downloads\HTML_Pelny\LD1M_00073488_0\KW\LD1M_00067173_4
C:\Users\test\Downloads\HTML_Pelny\LD1M_00073488_0\KW\LD1M_00067178_9
C:\Users\test\Downloads\HTML_Pelny\LD1M_00073488_0\KW\LD1M_00067179_6
C:\Users\test\Downloads\HTML_Pelny\LD1M_00073488_0\KW\LD1M_00067180_6
C:\Users\test\Downloads\HTML_Pelny\LD1M_00073488_0\KW\LD1M_00067181_3
C:\Users\test\Downloads\HTML_Pelny\LD1M_00073488_0\KW\LD1M_00067459_3
C:\Users\test\Downloads\HTML_Pelny\LD1M_00073488_0\KW\LD1M_00067460_3
C:\Users\test\Downloads\HTML_Pelny\LD1M_00073488_0\KW\LD1M_00067691_1
C:\Users\test\Downloads\HTML_Pelny\LD1M_00073488_0\KW\LD1M_00067734_5
C:\Users\test\Downloads\HTML_Pelny\LD1M_00073488_0\KW\LD1M_00067884_1
C:\Users\test\Downloads\HTML_Pelny\LD1M_00073488_0\KW\LD1M_00067885_8
C:\Users\test\Downloads\HTML_Pelny\LD1M_00073488_0\KW\LD1M_00067886_5
C:\Users\test\Downloads\HTML_Pelny\LD1M_00073488_0\KW\LD1M_00068421_5
C:\Users\test\Downloads\HTML_Pelny\LD1M_00073488_0\KW\LD1M_00068443_5
C:\Users\test\Downloads\HTML_Pelny\LD1M_00073488_0\KW\LD1M_00068558_4
C:\Users\test\Downloads\HTML_Pelny\LD1M_00073488_0\KW\LD1M_00068796_4
C:\Users\test\Downloads\HTML_Pelny\LD1M_00073488_0\KW\LD1M_00068835_0
C:\Users\test\Downloads\HTML_Pelny\LD1M_00073488_0\KW\LD1M_00068837_4
C:\Users\test\Downloads\HTML_Pelny\LD1M_00073488_0\KW\LD1M_00068838_1
C:\Users\test\Downloads\HTML_Pelny\LD1M_00073488_0\KW\LD1M_00068839_8
C:\Users\test\Downloads\HTML_Pelny\LD1M_00073488_0\KW\LD1M_00069284_9
C:\Users\test\Downloads\HTML_Pelny\LD1M_00073488_0\KW\LD1M_00069365_1
C:\Users\test\Downloads\HTML_Pelny\LD1M_00073488_0\KW\LD1M_00069470_0
C:\Users\test\Downloads\HTML_Pelny\LD1M_00073488_0\KW\LD1M_00069621_4
C:\Users\test\Downloads\HTML_Pelny\LD1M_00073488_0\KW\LD1M_00069631_7
C:\Users\test\Downloads\HTML_Pelny\LD1M_00073488_0\KW\LD1M_00069702_6
C:\Users\test\Downloads\HTML_Pelny\LD1M_00073488_0\KW\LD1M_00069807_2
C:\Users\test\Downloads\HTML_Pelny\LD1M_00073488_0\KW\LD1M_00069974_3
C:\Users\test\Downloads\HTML_Pelny\LD1M_00073488_0\KW\LD1M_00070156_3
C:\Users\test\Downloads\HTML_Pelny\LD1M_00073488_0\KW\LD1M_00070238_2
C:\Users\test\Downloads\HTML_Pelny\LD1M_00073488_0\KW\LD1M_00070254_0
C:\Users\test\Downloads\HTML_Pelny\LD1M_00073488_0\KW\LD1M_00070458_0
C:\Users\test\Downloads\HTML_Pelny\LD1M_00073488_0\KW\LD1M_00070834_0
C:\Users\test\Downloads\HTML_Pelny\LD1M_00073488_0\KW\LD1M_00071520_3
C:\Users\test\Downloads\HTML_Pelny\LD1M_00073488_0\KW\LD1M_00071728_1
C:\Users\test\Downloads\HTML_Pelny\LD1M_00073488_0\KW\LD1M_00071785_8
C:\Users\test\Downloads\HTML_Pelny\LD1M_00073531_7
C:\Users\test\Downloads\HTML_Pelny\LD1M_00073677_2
C:\Users\test\Downloads\HTML_Pelny\LD1M_00073993_3
C:\Users\test\Downloads\HTML_Pelny\LD1M_00074119_0
C:\Users\test\Downloads\HTML_Pelny\LD1M_00074536_9
C:\Users\test\Downloads\HTML_Pelny\LD1M_00074879_5
C:\Users\test\Downloads\HTML_Pelny\LD1M_00074883_6
C:\Users\test\Downloads\HTML_Pelny\LD1M_00074934_9
C:\Users\test\Downloads\HTML_Pelny\LD1M_00074946_6
C:\Users\test\Downloads\HTML_Pelny\LD1M_00075049_5
C:\Users\test\Downloads\HTML_Pelny\LD1M_00075155_1
C:\Users\test\Downloads\HTML_Pelny\LD1M_00076277_9
C:\Users\test\Downloads\HTML_Pelny\LD1M_00076335_4
C:\Users\test\Downloads\HTML_Pelny\LD1M_00076384_2
C:\Users\test\Downloads\HTML_Pelny\LD1M_00076580_6
C:\Users\test\Downloads\HTML_Pelny\LD1M_00076738_9
C:\Users\test\Downloads\HTML_Pelny\LD1M_00077615_8
C:\Users\test\Downloads\HTML_Pelny\LD1M_00078003_2
C:\Users\test\Downloads\HTML_Pelny\LD1M_00078113_6
C:\Users\test\Downloads\HTML_Pelny\LD1M_00078459_3
C:\Users\test\Downloads\HTML_Pelny\LD1M_00080196_8
C:\Users\test\Downloads\HTML_Pelny\LD1M_00080465_5
C:\Users\test\Downloads\HTML_Pelny\LD1M_00080554_6
C:\Users\test\Downloads\HTML_Pelny\LD1M_00080644_4
C:\Users\test\Downloads\HTML_Pelny\LD1M_00080875_2
C:\Users\test\Downloads\HTML_Pelny\LD1M_00081402_3
C:\Users\test\Downloads\HTML_Pelny\LD1M_00081486_5
C:\Users\test\Downloads\HTML_Pelny\LD1M_00081805_8
C:\Users\test\Downloads\HTML_Pelny\LD1M_00081963_3
C:\Users\test\Downloads\HTML_Pelny\LD1M_00082039_4
C:\Users\test\Downloads\HTML_Pelny\LD1M_00082695_0
C:\Users\test\Downloads\HTML_Pelny\LD1M_00083581_5
C:\Users\test\Downloads\HTML_Pelny\LD1M_00084033_6
C:\Users\test\Downloads\HTML_Pelny\LD1M_00084198_0
C:\Users\test\Downloads\HTML_Pelny\LD1M_00084227_3
C:\Users\test\Downloads\HTML_Pelny\LD1M_00084294_3
C:\Users\test\Downloads\HTML_Pelny\LD1M_00084515_9
C:\Users\test\Downloads\HTML_Pelny\LD1M_00085205_0
C:\Users\test\Downloads\HTML_Pelny\LD1M_00085206_7
C:\Users\test\Downloads\HTML_Pelny\LD1M_00085362_8
C:\Users\test\Downloads\HTML_Pelny\LD1M_00086596_4
C:\Users\test\Downloads\HTML_Pelny\LD1M_00090485_4
C:\Users\test\Downloads\HTML_Pelny\LD1M_00090492_6
C:\Users\test\Downloads\HTML_Pelny\LD1M_00090677_7
C:\Users\test\Downloads\HTML_Pelny\LD1M_00090678_4
C:\Users\test\Downloads\HTML_Pelny\LD1M_00091472_7
C:\Users\test\Downloads\HTML_Pelny\LD1M_00091474_1
C:\Users\test\Downloads\HTML_Pelny\LD1M_00091476_5
C:\Users\test\Downloads\HTML_Pelny\LD1M_00091819_2
C:\Users\test\Downloads\HTML_Pelny\LD1M_00092567_7
C:\Users\test\Downloads\HTML_Pelny\LD1M_00092568_4
C:\Users\test\Downloads\HTML_Pelny\LD1M_00092569_1
C:\Users\test\Downloads\HTML_Pelny\LD1M_00092570_1
C:\Users\test\Downloads\HTML_Pelny\LD1M_00092643_4
C:\Users\test\Downloads\HTML_Pelny\LD1M_00092765_5
C:\Users\test\Downloads\HTML_Pelny\LD1M_00094488_3
C:\Users\test\Downloads\HTML_Pelny\LD1M_00096983_7
C:\Users\test\Downloads\HTML_Pelny\LD1M_00097178_8
C:\Users\test\Downloads\HTML_Pelny\LD1M_00097180_5
C:\Users\test\Downloads\HTML_Pelny\LD1M_00097772_2
C:\Users\test\Downloads\HTML_Pelny\LD1M_00098926_4
C:\Users\test\Downloads\HTML_Pelny\LD1M_00100277_7
C:\Users\test\Downloads\HTML_Pelny\LD1M_00100450_4
C:\Users\test\Downloads\HTML_Pelny\LD1M_00101333_5
C:\Users\test\Downloads\HTML_Pelny\LD1M_00101334_2
C:\Users\test\Downloads\HTML_Pelny\LD1M_00101335_9
C:\Users\test\Downloads\HTML_Pelny\LD1M_00102751_8
C:\Users\test\Downloads\HTML_Pelny\LD1M_00102752_5
C:\Users\test\Downloads\HTML_Pelny\LD1M_00102753_2
C:\Users\test\Downloads\HTML_Pelny\LD1M_00103275_4
C:\Users\test\Downloads\HTML_Pelny\LD1M_00103963_4
C:\Users\test\Downloads\HTML_Pelny\LD1M_00105125_2
C:\Users\test\Downloads\HTML_Pelny\LD1M_00105777_7
C:\Users\test\Downloads\HTML_Pelny\LD1M_00107655_0
C:\Users\test\Downloads\HTML_Pelny\LD1M_00110218_9
C:\Users\test\Downloads\HTML_Pelny\LD1M_00110219_6
C:\Users\test\Downloads\HTML_Pelny\LD1M_00110546_7
C:\Users\test\Downloads\HTML_Pelny\LD1M_00111676_4
C:\Users\test\Downloads\HTML_Pelny\LD1M_00113179_4
C:\Users\test\Downloads\HTML_Pelny\LD1M_00113924_2
C:\Users\test\Downloads\HTML_Pelny\LD1M_00113955_8
C:\Users\test\Downloads\HTML_Pelny\LD1M_00113956_5
C:\Users\test\Downloads\HTML_Pelny\LD1M_00115149_9
C:\Users\test\Downloads\HTML_Pelny\LD1M_00115150_9
C:\Users\test\Downloads\HTML_Pelny\LD1M_00116357_7
C:\Users\test\Downloads\HTML_Pelny\LD1M_00116734_4
C:\Users\test\Downloads\HTML_Pelny\LD1M_00116888_8
C:\Users\test\Downloads\HTML_Pelny\LD1M_00117234_6
C:\Users\test\Downloads\HTML_Pelny\LD1M_00117534_9
C:\Users\test\Downloads\HTML_Pelny\LD1M_00118576_2
C:\Users\test\Downloads\HTML_Pelny\LD1M_00118578_6
C:\Users\test\Downloads\HTML_Pelny\LD1M_00118949_8
C:\Users\test\Downloads\HTML_Pelny\LD1M_00119189_9
C:\Users\test\Downloads\HTML_Pelny\LD1M_00119451_7
C:\Users\test\Downloads\HTML_Pelny\LD1M_00119597_2
C:\Users\test\Downloads\HTML_Pelny\LD1M_00120992_1
C:\Users\test\Downloads\HTML_Pelny\LD1M_00121634_1
C:\Users\test\Downloads\HTML_Pelny\LD1M_00121869_7
C:\Users\test\Downloads\HTML_Pelny\LD1M_00121870_7
C:\Users\test\Downloads\HTML_Pelny\LD1M_00121909_0
C:\Users\test\Downloads\HTML_Pelny\LD1M_00121910_0
C:\Users\test\Downloads\HTML_Pelny\LD1M_00122190_3
C:\Users\test\Downloads\HTML_Pelny\LD1M_00122191_0
C:\Users\test\Downloads\HTML_Pelny\LD1M_00122192_7
C:\Users\test\Downloads\HTML_Pelny\LD1M_00122279_1
C:\Users\test\Downloads\HTML_Pelny\LD1M_00122656_8
C:\Users\test\Downloads\HTML_Pelny\LD1M_00122658_2
C:\Users\test\Downloads\HTML_Pelny\LD1M_00122984_6
C:\Users\test\Downloads\HTML_Pelny\LD1M_00123192_4
C:\Users\test\Downloads\HTML_Pelny\LD1M_00123278_1
C:\Users\test\Downloads\HTML_Pelny\LD1M_00123404_4
C:\Users\test\Downloads\HTML_Pelny\LD1M_00123498_9
C:\Users\test\Downloads\HTML_Pelny\LD1M_00123746_3
C:\Users\test\Downloads\HTML_Pelny\LD1M_00123848_8
C:\Users\test\Downloads\HTML_Pelny\LD1M_00123867_7
C:\Users\test\Downloads\HTML_Pelny\LD1M_00124223_8
C:\Users\test\Downloads\HTML_Pelny\LD1M_00124224_5
C:\Users\test\Downloads\HTML_Pelny\LD1M_00124248_9
C:\Users\test\Downloads\HTML_Pelny\LD1M_00124535_8
C:\Users\test\Downloads\HTML_Pelny\LD1M_00124985_7
C:\Users\test\Downloads\HTML_Pelny\LD1M_00125293_6
C:\Users\test\Downloads\HTML_Pelny\LD1M_00127233_2
C:\Users\test\Downloads\HTML_Pelny\LD1M_00128320_6
C:\Users\test\Downloads\HTML_Pelny\LD1M_00128727_9
C:\Users\test\Downloads\HTML_Pelny\LD1M_00129148_3
C:\Users\test\Downloads\HTML_Pelny\LD1M_00129345_4
C:\Users\test\Downloads\HTML_Pelny\LD1M_00129349_2
C:\Users\test\Downloads\HTML_Pelny\LD1M_00129877_2
C:\Users\test\Downloads\HTML_Pelny\LD1M_00130630_9
C:\Users\test\Downloads\HTML_Pelny\LD1M_00131235_7
C:\Users\test\Downloads\HTML_Pelny\LD1M_00131303_5
C:\Users\test\Downloads\HTML_Pelny\LD1M_00132029_7
C:\Users\test\Downloads\HTML_Pelny\LD1M_00133009_8
C:\Users\test\Downloads\HTML_Pelny\LD1M_00133664_7
C:\Users\test\Downloads\HTML_Pelny\LD1M_00133889_0
C:\Users\test\Downloads\HTML_Pelny\LD1M_00136979_9
C:\Users\test\Downloads\HTML_Pelny\LD1M_00137231_1
C:\Users\test\Downloads\HTML_Pelny\LD1M_00137670_0
C:\Users\test\Downloads\HTML_Pelny\LD1M_00137770_1
C:\Users\test\Downloads\HTML_Pelny\LD1M_00137851_3
C:\Users\test\Downloads\HTML_Pelny\LD1M_00138364_9
C:\Users\test\Downloads\HTML_Pelny\LD1M_00138365_6
C:\Users\test\Downloads\HTML_Pelny\LD1M_00138453_0
C:\Users\test\Downloads\HTML_Pelny\LD1M_00138454_7
C:\Users\test\Downloads\HTML_Pelny\LD1M_00139478_8
C:\Users\test\Downloads\HTML_Pelny\LD1M_00140132_1
C:\Users\test\Downloads\HTML_Pelny\LD1M_00140133_8
C:\Users\test\Downloads\HTML_Pelny\LD1M_00140136_9
C:\Users\test\Downloads\HTML_Pelny\LD1M_00141161_0
C:\Users\test\Downloads\HTML_Pelny\LD1M_00141422_8
C:\Users\test\Downloads\HTML_Pelny\LD1M_00141423_5
C:\Users\test\Downloads\HTML_Pelny\LD1M_00141424_2
C:\Users\test\Downloads\HTML_Pelny\LD1M_00141450_3
C:\Users\test\Downloads\HTML_Pelny\LD1M_00141451_0
C:\Users\test\Downloads\HTML_Pelny\LD1M_00142953_6
C:\Users\test\Downloads\HTML_Pelny\LD1M_00142954_3
C:\Users\test\Downloads\HTML_Pelny\LD1M_00143016_3
C:\Users\test\Downloads\HTML_Pelny\LD1M_00143017_0
C:\Users\test\Downloads\HTML_Pelny\LD1M_00144562_2
C:\Users\test\Downloads\HTML_Pelny\LD1M_00144910_7
C:\Users\test\Downloads\HTML_Pelny\LD1M_00145065_5
C:\Users\test\Downloads\HTML_Pelny\LD1M_00146496_2
C:\Users\test\Downloads\HTML_Pelny\LD1M_00147551_3
C:\Users\test\Downloads\HTML_Pelny\LD1M_00147596_0
C:\Users\test\Downloads\HTML_Pelny\LD1M_00147968_9
C:\Users\test\Downloads\HTML_Pelny\LD1M_00148291_9
C:\Users\test\Downloads\HTML_Pelny\LD1M_00148430_6
C:\Users\test\Downloads\HTML_Pelny\LD1M_00149240_4
C:\Users\test\Downloads\HTML_Pelny\LD1M_00149283_7
C:\Users\test\Downloads\HTML_Pelny\LD1M_00150137_9
C:\Users\test\Downloads\HTML_Pelny\LD1M_00150682_4
C:\Users\test\Downloads\HTML_Pelny\LD1M_00151416_6
C:\Users\test\Downloads\HTML_Pelny\LD1M_00152121_8
C:\Users\test\Downloads\HTML_Pelny\LD1M_00152634_7
C:\Users\test\Downloads\HTML_Pelny\LD1M_00153202_7
C:\Users\test\Downloads\HTML_Pelny\LD1M_00153239_5
C:\Users\test\Downloads\HTML_Pelny\LD1M_00153676_0
C:\Users\test\Downloads\HTML_Pelny\LD1M_00154005_3
C:\Users\test\Downloads\HTML_Pelny\LD1M_00154395_3
C:\Users\test\Downloads\HTML_Pelny\LD1M_00155166_6
C:\Users\test\Downloads\HTML_Pelny\LD1M_00155256_4
C:\Users\test\Downloads\HTML_Pelny\LD1M_00156169_4
C:\Users\test\Downloads\HTML_Pelny\LD1M_00156268_8
C:\Users\test\Downloads\HTML_Pelny\LD1M_00156316_0
C:\Users\test\Downloads\HTML_Pelny\LD1M_00156575_3
C:\Users\test\Downloads\HTML_Pelny\LD1M_00156576_0
C:\Users\test\Downloads\HTML_Pelny\LD1M_00156577_7
C:\Users\test\Downloads\HTML_Pelny\LD1M_00156578_4
C:\Users\test\Downloads\HTML_Pelny\LD1M_00156726_7
C:\Users\test\Downloads\HTML_Pelny\LD1M_00156727_4
C:\Users\test\Downloads\HTML_Pelny\LD1M_00158408_6
C:\Users\test\Downloads\HTML_Pelny\LD1M_00158891_8
C:\Users\test\Downloads\HTML_Pelny\LD1M_00159498_0
C:\Users\test\Downloads\HTML_Pelny\LD1M_00159499_7
C:\Users\test\Downloads\HTML_Pelny\LD1M_00159694_4
C:\Users\test\Downloads\HTML_Pelny\LD1M_00159708_6
C:\Users\test\Downloads\HTML_Pelny\LD1M_00160336_7
C:\Users\test\Downloads\HTML_Pelny\LD1M_00160540_0
C:\Users\test\Downloads\HTML_Pelny\LD1M_00160541_7
C:\Users\test\Downloads\HTML_Pelny\LD1M_00160923_9
C:\Users\test\Downloads\HTML_Pelny\LD1M_00161252_1
C:\Users\test\Downloads\HTML_Pelny\LD1M_00161639_8
C:\Users\test\Downloads\HTML_Pelny\LD1M_00161640_8
C:\Users\test\Downloads\HTML_Pelny\LD1M_00161681_7
C:\Users\test\Downloads\HTML_Pelny\LD1M_00162223_6
C:\Users\test\Downloads\HTML_Pelny\LD1M_00162364_6
C:\Users\test\Downloads\HTML_Pelny\LD1M_00162718_3
C:\Users\test\Downloads\HTML_Pelny\LD1M_00162753_0
C:\Users\test\Downloads\HTML_Pelny\LD1M_00163460_6
C:\Users\test\Downloads\HTML_Pelny\LD1M_00163772_6
C:\Users\test\Downloads\HTML_Pelny\LD1M_00163773_3
C:\Users\test\Downloads\HTML_Pelny\LD1M_00164569_7
C:\Users\test\Downloads\HTML_Pelny\LD1M_00164570_7
C:\Users\test\Downloads\HTML_Pelny\LD1M_00165365_4
C:\Users\test\Downloads\HTML_Pelny\LD1M_00165368_5
C:\Users\test\Downloads\HTML_Pelny\LD1M_00170418_9
C:\Users\test\Downloads\HTML_Pelny\LD1M_00173407_0
C:\Users\test\Downloads\HTML_Pelny\LD1M_00173574_1
C:\Users\test\Downloads\HTML_Pelny\LD1M_00173694_8
C:\Users\test\Downloads\HTML_Pelny\LD1M_00173695_5
C:\Users\test\Downloads\HTML_Pelny\LD1M_00173909_9
C:\Users\test\Downloads\HTML_Pelny\LD1M_00174442_4
C:\Users\test\Downloads\HTML_Pelny\LD1M_00174623_7
C:\Users\test\Downloads\HTML_Pelny\LD1M_00174758_2
C:\Users\test\Downloads\HTML_Pelny\LD1M_00174774_0
C:\Users\test\Downloads\HTML_Pelny\LD1M_00174860_0
C:\Users\test\Downloads\HTML_Pelny\LD1M_00175010_4
C:\Users\test\Downloads\HTML_Pelny\LD1M_00175323_1
C:\Users\test\Downloads\HTML_Pelny\LD1M_00175776_1
C:\Users\test\Downloads\HTML_Pelny\LD1M_00175785_7
C:\Users\test\Downloads\HTML_Pelny\LD1M_00175786_4
C:\Users\test\Downloads\HTML_Pelny\LD1M_00176014_9
C:\Users\test\Downloads\HTML_Pelny\LD1M_00176260_8
C:\Users\test\Downloads\HTML_Pelny\LD1M_00176328_3
C:\Users\test\Downloads\HTML_Pelny\LD1M_00177522_0
C:\Users\test\Downloads\HTML_Pelny\LD1M_00177523_7
C:\Users\test\Downloads\HTML_Pelny\LD1M_00177897_9
C:\Users\test\Downloads\HTML_Pelny\LD1M_00177899_3
C:\Users\test\Downloads\HTML_Pelny\LD1M_00177953_0
C:\Users\test\Downloads\HTML_Pelny\LD1M_00178451_8
C:\Users\test\Downloads\HTML_Pelny\LD1M_00178519_3
C:\Users\test\Downloads\HTML_Pelny\LD1M_00178619_4
C:\Users\test\Downloads\HTML_Pelny\LD1M_00179517_6
C:\Users\test\Downloads\HTML_Pelny\LD1M_00179941_7
C:\Users\test\Downloads\HTML_Pelny\LD1M_00179942_4
C:\Users\test\Downloads\HTML_Pelny\LD1M_00181426_8
C:\Users\test\Downloads\HTML_Pelny\LD1M_00182466_7
C:\Users\test\Downloads\HTML_Pelny\LD1M_00182689_6
C:\Users\test\Downloads\HTML_Pelny\LD1M_00183029_9
C:\Users\test\Downloads\HTML_Pelny\LD1M_00185736_2
C:\Users\test\Downloads\HTML_Pelny\LD1M_00185798_4
C:\Users\test\Downloads\HTML_Pelny\LD1M_00185802_6
C:\Users\test\Downloads\HTML_Pelny\LD1M_00186117_4
C:\Users\test\Downloads\HTML_Pelny\LD1M_00186191_6
C:\Users\test\Downloads\HTML_Pelny\LD1M_00186326_2
C:\Users\test\Downloads\HTML_Pelny\LD1M_00187044_8
C:\Users\test\Downloads\HTML_Pelny\LD1M_00187045_5
C:\Users\test\Downloads\HTML_Pelny\LD1M_00187601_1
C:\Users\test\Downloads\HTML_Pelny\LD1M_00187843_9
C:\Users\test\Downloads\HTML_Pelny\LD1M_00187844_6
C:\Users\test\Downloads\HTML_Pelny\LD1M_00188201_4
C:\Users\test\Downloads\HTML_Pelny\LD1M_00188223_4
C:\Users\test\Downloads\HTML_Pelny\LD1M_00188256_4
C:\Users\test\Downloads\HTML_Pelny\LD1M_00189228_6
C:\Users\test\Downloads\HTML_Pelny\LD1M_00189579_1
C:\Users\test\Downloads\HTML_Pelny\LD1M_00189692_9
C:\Users\test\Downloads\HTML_Pelny\LD1M_00190861_5
C:\Users\test\Downloads\HTML_Pelny\LD1M_00191449_8
C:\Users\test\Downloads\HTML_Pelny\LD1M_00193356_3
C:\Users\test\Downloads\HTML_Pelny\LD1M_00194903_0
C:\Users\test\Downloads\HTML_Pelny\LD1M_00194905_4
C:\Users\test\Downloads\HTML_Pelny\LD1M_00195043_0
C:\Users\test\Downloads\HTML_Pelny\LD1M_00195046_1
C:\Users\test\Downloads\HTML_Pelny\LD1M_00195780_8
C:\Users\test\Downloads\HTML_Pelny\LD1M_00196145_2
C:\Users\test\Downloads\HTML_Pelny\LD1M_00197983_5
C:\Users\test\Downloads\HTML_Pelny\LD1M_00198814_7
C:\Users\test\Downloads\HTML_Pelny\LD1M_00199032_8
C:\Users\test\Downloads\HTML_Pelny\LD1M_00199055_5
C:\Users\test\Downloads\HTML_Pelny\LD1M_00199061_0
C:\Users\test\Downloads\HTML_Pelny\LD1M_00199137_4
C:\Users\test\Downloads\HTML_Pelny\LD1M_00202330_2
C:\Users\test\Downloads\HTML_Pelny\LD1M_00204140_7
C:\Users\test\Downloads\HTML_Pelny\LD1M_00204339_9
C:\Users\test\Downloads\HTML_Pelny\LD1M_00212513_2
C:\Users\test\Downloads\HTML_Pelny\LD1M_00213342_9
C:\Users\test\Downloads\HTML_Pelny\LD1M_00214176_1
C:\Users\test\Downloads\HTML_Pelny\LD1M_00214459_9
C:\Users\test\Downloads\HTML_Pelny\LD1M_00215334_4
C:\Users\test\Downloads\HTML_Pelny\LD1M_00215855_2
C:\Users\test\Downloads\HTML_Pelny\LD1M_00215921_6
C:\Users\test\Downloads\HTML_Pelny\LD1M_00215924_7
C:\Users\test\Downloads\HTML_Pelny\LD1M_00216121_5
C:\Users\test\Downloads\HTML_Pelny\LD1M_00217155_9
C:\Users\test\Downloads\HTML_Pelny\LD1M_00217713_9
C:\Users\test\Downloads\HTML_Pelny\LD1M_00222837_2
C:\Users\test\Downloads\HTML_Pelny\LD1M_00225802_9
C:\Users\test\Downloads\HTML_Pelny\LD1M_00225844_5
C:\Users\test\Downloads\HTML_Pelny\LD1M_00225845_2
C:\Users\test\Downloads\HTML_Pelny\LD1M_00225846_9
C:\Users\test\Downloads\HTML_Pelny\LD1M_00234481_8
C:\Users\test\Downloads\HTML_Pelny\LD1M_00234483_2
C:\Users\test\Downloads\HTML_Pelny\LD1M_00239897_2
C:\Users\test\Downloads\HTML_Pelny\LD1M_00243211_1
C:\Users\test\Downloads\HTML_Pelny\LD1M_00243529_3
C:\Users\test\Downloads\HTML_Pelny\LD1M_00248613_4
C:\Users\test\Downloads\HTML_Pelny\LD1M_00249874_8
C:\Users\test\Downloads\HTML_Pelny\LD1M_00250524_0
C:\Users\test\Downloads\HTML_Pelny\LD1M_00250589_3
C:\Users\test\Downloads\HTML_Pelny\LD1M_00250973_2
C:\Users\test\Downloads\HTML_Pelny\LD1M_00250975_6
C:\Users\test\Downloads\HTML_Pelny\LD1M_00251797_1
C:\Users\test\Downloads\HTML_Pelny\LD1M_00256746_4
C:\Users\test\Downloads\HTML_Pelny\LD1M_00256748_8
C:\Users\test\Downloads\HTML_Pelny\LD1M_00257110_4
C:\Users\test\Downloads\HTML_Pelny\LD1M_00258019_3
C:\Users\test\Downloads\HTML_Pelny\LD1M_00259416_3
C:\Users\test\Downloads\HTML_Pelny\LD1M_00260909_6
C:\Users\test\Downloads\HTML_Pelny\LD1M_00260924_7
C:\Users\test\Downloads\HTML_Pelny\LD1M_00261135_6
C:\Users\test\Downloads\HTML_Pelny\LD1M_00261524_0
C:\Users\test\Downloads\HTML_Pelny\LD1M_00261549_1
C:\Users\test\Downloads\HTML_Pelny\LD1M_00261729_7
C:\Users\test\Downloads\HTML_Pelny\LD1M_00261931_6
C:\Users\test\Downloads\HTML_Pelny\LD1M_00262155_9
C:\Users\test\Downloads\HTML_Pelny\LD1M_00262158_0
C:\Users\test\Downloads\HTML_Pelny\LD1M_00262634_1
C:\Users\test\Downloads\HTML_Pelny\LD1M_00262711_5
C:\Users\test\Downloads\HTML_Pelny\LD1M_00262712_2
C:\Users\test\Downloads\HTML_Pelny\LD1M_00262713_9
C:\Users\test\Downloads\HTML_Pelny\LD1M_00262862_8
C:\Users\test\Downloads\HTML_Pelny\LD1M_00263403_0
C:\Users\test\Downloads\HTML_Pelny\LD1M_00265322_2
C:\Users\test\Downloads\HTML_Pelny\LD1M_00265542_0
C:\Users\test\Downloads\HTML_Pelny\LD1M_00265674_4
C:\Users\test\Downloads\HTML_Pelny\LD1M_00265675_1
C:\Users\test\Downloads\HTML_Pelny\LD1M_00266119_3
C:\Users\test\Downloads\HTML_Pelny\LD1M_00266121_0
C:\Users\test\Downloads\HTML_Pelny\LD1M_00266360_7
C:\Users\test\Downloads\HTML_Pelny\LD1M_00266478_7
C:\Users\test\Downloads\HTML_Pelny\LD1M_00266598_4
C:\Users\test\Downloads\HTML_Pelny\LD1M_00268057_4
C:\Users\test\Downloads\HTML_Pelny\LD1M_00268059_8
C:\Users\test\Downloads\HTML_Pelny\LD1M_00268232_5
C:\Users\test\Downloads\HTML_Pelny\LD1M_00269208_5
C:\Users\test\Downloads\HTML_Pelny\LD1M_00269209_2
C:\Users\test\Downloads\HTML_Pelny\LD1M_00269321_3
C:\Users\test\Downloads\HTML_Pelny\LD1M_00270798_7
C:\Users\test\Downloads\HTML_Pelny\LD1M_00270799_4
C:\Users\test\Downloads\HTML_Pelny\LD1M_00272807_8
C:\Users\test\Downloads\HTML_Pelny\LD1M_00273734_2
C:\Users\test\Downloads\HTML_Pelny\LD1M_00274283_2
C:\Users\test\Downloads\HTML_Pelny\LD1M_00274284_9
C:\Users\test\Downloads\HTML_Pelny\LD1M_00274958_5
C:\Users\test\Downloads\HTML_Pelny\LD1M_00278318_5
C:\Users\test\Downloads\HTML_Pelny\LD1M_00282825_3
C:\Users\test\Downloads\HTML_Pelny\LD1M_00283080_5
C:\Users\test\Downloads\HTML_Pelny\LD1M_00290330_5
C:\Users\test\Downloads\HTML_Pelny\LD1M_00290331_2
C:\Users\test\Downloads\HTML_Pelny\LD1M_00290332_9
C:\Users\test\Downloads\HTML_Pelny\LD1M_00291049_5
C:\Users\test\Downloads\HTML_Pelny\LD1M_00293012_1
C:\Users\test\Downloads\HTML_Pelny\LD1M_00295434_9
C:\Users\test\Downloads\HTML_Pelny\LD1M_00299003_7
C:\Users\test\Downloads\HTML_Pelny\LD1M_00299131_3
C:\Users\test\Downloads\HTML_Pelny\LD1M_00301598_2
C:\Users\test\Downloads\HTML_Pelny\LD1M_00303741_4
